GeneratefileName;OriginalFilesList
D:/vscode/3/CItranslation/cimig/Transaction and Translation Component/genrules/rules_h2/js/ace-diff/ace-diff/CImig.yml;D:\vscode\3\CItranslation\cimig\Transaction and Translation Component\data_pairs\js\ace-diff\ace-diff\actions.yml,D:\vscode\3\CItranslation\cimig\Transaction and Translation Component\data_pairs\js\ace-diff\ace-diff\travis.yml,
D:/vscode/3/CItranslation/cimig/Transaction and Translation Component/genrules/rules_h2/js/aframevr/aframe-inspector/CImig.yml;D:\vscode\3\CItranslation\cimig\Transaction and Translation Component\data_pairs\js\aframevr\aframe-inspector\actions.yml,D:\vscode\3\CItranslation\cimig\Transaction and Translation Component\data_pairs\js\aframevr\aframe-inspector\travis.yml,
D:/vscode/3/CItranslation/cimig/Transaction and Translation Component/genrules/rules_h2/js/alphagov/govuk-country-and-territory-autocomplete/CImig.yml;D:\vscode\3\CItranslation\cimig\Transaction and Translation Component\data_pairs\js\alphagov\govuk-country-and-territory-autocomplete\actions.yml,D:\vscode\3\CItranslation\cimig\Transaction and Translation Component\data_pairs\js\alphagov\govuk-country-and-territory-autocomplete\travis.yml,
D:/vscode/3/CItranslation/cimig/Transaction and Translation Component/genrules/rules_h2/js/apis-guru/asyncapi-directory/CImig.yml;D:\vscode\3\CItranslation\cimig\Transaction and Translation Component\data_pairs\js\apis-guru\asyncapi-directory\actions.yml,D:\vscode\3\CItranslation\cimig\Transaction and Translation Component\data_pairs\js\apis-guru\asyncapi-directory\travis.yml,
D:/vscode/3/CItranslation/cimig/Transaction and Translation Component/genrules/rules_h2/js/axelpale/nudged/CImig.yml;D:\vscode\3\CItranslation\cimig\Transaction and Translation Component\data_pairs\js\axelpale\nudged\actions.yml,D:\vscode\3\CItranslation\cimig\Transaction and Translation Component\data_pairs\js\axelpale\nudged\travis.yml,
D:/vscode/3/CItranslation/cimig/Transaction and Translation Component/genrules/rules_h2/js/badeball/karma-jsdom-launcher/CImig.yml;D:\vscode\3\CItranslation\cimig\Transaction and Translation Component\data_pairs\js\badeball\karma-jsdom-launcher\actions.yml,D:\vscode\3\CItranslation\cimig\Transaction and Translation Component\data_pairs\js\badeball\karma-jsdom-launcher\travis.yml,
D:/vscode/3/CItranslation/cimig/Transaction and Translation Component/genrules/rules_h2/js/basti1302/repoman/CImig.yml;D:\vscode\3\CItranslation\cimig\Transaction and Translation Component\data_pairs\js\basti1302\repoman\actions.yml,D:\vscode\3\CItranslation\cimig\Transaction and Translation Component\data_pairs\js\basti1302\repoman\travis.yml,
D:/vscode/3/CItranslation/cimig/Transaction and Translation Component/genrules/rules_h2/js/bbc/lrud/CImig.yml;D:\vscode\3\CItranslation\cimig\Transaction and Translation Component\data_pairs\js\bbc\lrud\actions.yml,D:\vscode\3\CItranslation\cimig\Transaction and Translation Component\data_pairs\js\bbc\lrud\travis.yml,
D:/vscode/3/CItranslation/cimig/Transaction and Translation Component/genrules/rules_h2/js/bdougherty/better-title-case/CImig.yml;D:\vscode\3\CItranslation\cimig\Transaction and Translation Component\data_pairs\js\bdougherty\better-title-case\actions.yml,D:\vscode\3\CItranslation\cimig\Transaction and Translation Component\data_pairs\js\bdougherty\better-title-case\travis.yml,
D:/vscode/3/CItranslation/cimig/Transaction and Translation Component/genrules/rules_h2/js/bendrucker/document-ready/CImig.yml;D:\vscode\3\CItranslation\cimig\Transaction and Translation Component\data_pairs\js\bendrucker\document-ready\actions.yml,D:\vscode\3\CItranslation\cimig\Transaction and Translation Component\data_pairs\js\bendrucker\document-ready\travis.yml,
D:/vscode/3/CItranslation/cimig/Transaction and Translation Component/genrules/rules_h2/js/bfirsh/jsnes-web/CImig.yml;D:\vscode\3\CItranslation\cimig\Transaction and Translation Component\data_pairs\js\bfirsh\jsnes-web\actions.yml,D:\vscode\3\CItranslation\cimig\Transaction and Translation Component\data_pairs\js\bfirsh\jsnes-web\travis.yml,
D:/vscode/3/CItranslation/cimig/Transaction and Translation Component/genrules/rules_h2/js/bjornstar/intercept-redirect/CImig.yml;D:\vscode\3\CItranslation\cimig\Transaction and Translation Component\data_pairs\js\bjornstar\intercept-redirect\actions.yml,D:\vscode\3\CItranslation\cimig\Transaction and Translation Component\data_pairs\js\bjornstar\intercept-redirect\travis.yml,
D:/vscode/3/CItranslation/cimig/Transaction and Translation Component/genrules/rules_h2/js/btargac/excel-parser-processor/CImig.yml;D:\vscode\3\CItranslation\cimig\Transaction and Translation Component\data_pairs\js\btargac\excel-parser-processor\actions.yml,D:\vscode\3\CItranslation\cimig\Transaction and Translation Component\data_pairs\js\btargac\excel-parser-processor\travis.yml,
D:/vscode/3/CItranslation/cimig/Transaction and Translation Component/genrules/rules_h2/js/calipersjs/calipers/CImig.yml;D:\vscode\3\CItranslation\cimig\Transaction and Translation Component\data_pairs\js\calipersjs\calipers\actions.yml,D:\vscode\3\CItranslation\cimig\Transaction and Translation Component\data_pairs\js\calipersjs\calipers\travis.yml,
D:/vscode/3/CItranslation/cimig/Transaction and Translation Component/genrules/rules_h2/js/cesiumgs/cesium-webpack-example/CImig.yml;D:\vscode\3\CItranslation\cimig\Transaction and Translation Component\data_pairs\js\cesiumgs\cesium-webpack-example\actions.yml,D:\vscode\3\CItranslation\cimig\Transaction and Translation Component\data_pairs\js\cesiumgs\cesium-webpack-example\travis.yml,
D:/vscode/3/CItranslation/cimig/Transaction and Translation Component/genrules/rules_h2/js/cloudinary/cloudinary_npm/CImig.yml;D:\vscode\3\CItranslation\cimig\Transaction and Translation Component\data_pairs\js\cloudinary\cloudinary_npm\actions.yml,D:\vscode\3\CItranslation\cimig\Transaction and Translation Component\data_pairs\js\cloudinary\cloudinary_npm\travis.yml,
D:/vscode/3/CItranslation/cimig/Transaction and Translation Component/genrules/rules_h2/js/codemeta/codemeta-generator/CImig.yml;D:\vscode\3\CItranslation\cimig\Transaction and Translation Component\data_pairs\js\codemeta\codemeta-generator\actions.yml,D:\vscode\3\CItranslation\cimig\Transaction and Translation Component\data_pairs\js\codemeta\codemeta-generator\travis.yml,
D:/vscode/3/CItranslation/cimig/Transaction and Translation Component/genrules/rules_h2/js/cozy/cozy-ui/CImig.yml;D:\vscode\3\CItranslation\cimig\Transaction and Translation Component\data_pairs\js\cozy\cozy-ui\actions.yml,D:\vscode\3\CItranslation\cimig\Transaction and Translation Component\data_pairs\js\cozy\cozy-ui\travis.yml,
D:/vscode/3/CItranslation/cimig/Transaction and Translation Component/genrules/rules_h2/js/damonoehlman/wildcard/CImig.yml;D:\vscode\3\CItranslation\cimig\Transaction and Translation Component\data_pairs\js\damonoehlman\wildcard\actions.yml,D:\vscode\3\CItranslation\cimig\Transaction and Translation Component\data_pairs\js\damonoehlman\wildcard\travis.yml,
D:/vscode/3/CItranslation/cimig/Transaction and Translation Component/genrules/rules_h2/js/davidchambers/base64.js/CImig.yml;D:\vscode\3\CItranslation\cimig\Transaction and Translation Component\data_pairs\js\davidchambers\base64.js\actions.yml,D:\vscode\3\CItranslation\cimig\Transaction and Translation Component\data_pairs\js\davidchambers\base64.js\travis.yml,
D:/vscode/3/CItranslation/cimig/Transaction and Translation Component/genrules/rules_h2/js/definitelytyped/definitelytyped.github.io/CImig.yml;D:\vscode\3\CItranslation\cimig\Transaction and Translation Component\data_pairs\js\definitelytyped\definitelytyped.github.io\actions.yml,D:\vscode\3\CItranslation\cimig\Transaction and Translation Component\data_pairs\js\definitelytyped\definitelytyped.github.io\travis.yml,
D:/vscode/3/CItranslation/cimig/Transaction and Translation Component/genrules/rules_h2/js/dresende/node-sql-ddl-sync/CImig.yml;D:\vscode\3\CItranslation\cimig\Transaction and Translation Component\data_pairs\js\dresende\node-sql-ddl-sync\actions.yml,D:\vscode\3\CItranslation\cimig\Transaction and Translation Component\data_pairs\js\dresende\node-sql-ddl-sync\travis.yml,
D:/vscode/3/CItranslation/cimig/Transaction and Translation Component/genrules/rules_h2/js/dylang/node-rss/CImig.yml;D:\vscode\3\CItranslation\cimig\Transaction and Translation Component\data_pairs\js\dylang\node-rss\actions.yml,D:\vscode\3\CItranslation\cimig\Transaction and Translation Component\data_pairs\js\dylang\node-rss\travis.yml,
D:/vscode/3/CItranslation/cimig/Transaction and Translation Component/genrules/rules_h2/js/evanshortiss/express-joi-validation/CImig.yml;D:\vscode\3\CItranslation\cimig\Transaction and Translation Component\data_pairs\js\evanshortiss\express-joi-validation\actions.yml,D:\vscode\3\CItranslation\cimig\Transaction and Translation Component\data_pairs\js\evanshortiss\express-joi-validation\travis.yml,
D:/vscode/3/CItranslation/cimig/Transaction and Translation Component/genrules/rules_h2/js/evanshortiss/lintspaces-cli/CImig.yml;D:\vscode\3\CItranslation\cimig\Transaction and Translation Component\data_pairs\js\evanshortiss\lintspaces-cli\actions.yml,D:\vscode\3\CItranslation\cimig\Transaction and Translation Component\data_pairs\js\evanshortiss\lintspaces-cli\travis.yml,
D:/vscode/3/CItranslation/cimig/Transaction and Translation Component/genrules/rules_h2/js/exodusmovement/redux-watch/CImig.yml;D:\vscode\3\CItranslation\cimig\Transaction and Translation Component\data_pairs\js\exodusmovement\redux-watch\actions.yml,D:\vscode\3\CItranslation\cimig\Transaction and Translation Component\data_pairs\js\exodusmovement\redux-watch\travis.yml,
D:/vscode/3/CItranslation/cimig/Transaction and Translation Component/genrules/rules_h2/js/expressjs/serve-index/CImig.yml;D:\vscode\3\CItranslation\cimig\Transaction and Translation Component\data_pairs\js\expressjs\serve-index\actions.yml,D:\vscode\3\CItranslation\cimig\Transaction and Translation Component\data_pairs\js\expressjs\serve-index\travis.yml,
D:/vscode/3/CItranslation/cimig/Transaction and Translation Component/genrules/rules_h2/js/fastify/safe-regex2/CImig.yml;D:\vscode\3\CItranslation\cimig\Transaction and Translation Component\data_pairs\js\fastify\safe-regex2\actions.yml,D:\vscode\3\CItranslation\cimig\Transaction and Translation Component\data_pairs\js\fastify\safe-regex2\travis.yml,
D:/vscode/3/CItranslation/cimig/Transaction and Translation Component/genrules/rules_h2/js/fnogatz/transportation/CImig.yml;D:\vscode\3\CItranslation\cimig\Transaction and Translation Component\data_pairs\js\fnogatz\transportation\actions.yml,D:\vscode\3\CItranslation\cimig\Transaction and Translation Component\data_pairs\js\fnogatz\transportation\travis.yml,
D:/vscode/3/CItranslation/cimig/Transaction and Translation Component/genrules/rules_h2/js/giuseppeg/postcss-pseudo-classes/CImig.yml;D:\vscode\3\CItranslation\cimig\Transaction and Translation Component\data_pairs\js\giuseppeg\postcss-pseudo-classes\actions.yml,D:\vscode\3\CItranslation\cimig\Transaction and Translation Component\data_pairs\js\giuseppeg\postcss-pseudo-classes\travis.yml,
D:/vscode/3/CItranslation/cimig/Transaction and Translation Component/genrules/rules_h2/js/haykam821/shortcutspreview/CImig.yml;D:\vscode\3\CItranslation\cimig\Transaction and Translation Component\data_pairs\js\haykam821\shortcutspreview\actions.yml,D:\vscode\3\CItranslation\cimig\Transaction and Translation Component\data_pairs\js\haykam821\shortcutspreview\travis.yml,
D:/vscode/3/CItranslation/cimig/Transaction and Translation Component/genrules/rules_h2/js/henry-luo/mark/CImig.yml;D:\vscode\3\CItranslation\cimig\Transaction and Translation Component\data_pairs\js\henry-luo\mark\actions.yml,D:\vscode\3\CItranslation\cimig\Transaction and Translation Component\data_pairs\js\henry-luo\mark\travis.yml,
D:/vscode/3/CItranslation/cimig/Transaction and Translation Component/genrules/rules_h2/js/http-party/node-portfinder/CImig.yml;D:\vscode\3\CItranslation\cimig\Transaction and Translation Component\data_pairs\js\http-party\node-portfinder\actions.yml,D:\vscode\3\CItranslation\cimig\Transaction and Translation Component\data_pairs\js\http-party\node-portfinder\travis.yml,
D:/vscode/3/CItranslation/cimig/Transaction and Translation Component/genrules/rules_h2/js/hughsk/flat/CImig.yml;D:\vscode\3\CItranslation\cimig\Transaction and Translation Component\data_pairs\js\hughsk\flat\actions.yml,D:\vscode\3\CItranslation\cimig\Transaction and Translation Component\data_pairs\js\hughsk\flat\travis.yml,
D:/vscode/3/CItranslation/cimig/Transaction and Translation Component/genrules/rules_h2/js/jackub/diff-match-patch/CImig.yml;D:\vscode\3\CItranslation\cimig\Transaction and Translation Component\data_pairs\js\jackub\diff-match-patch\actions.yml,D:\vscode\3\CItranslation\cimig\Transaction and Translation Component\data_pairs\js\jackub\diff-match-patch\travis.yml,
D:/vscode/3/CItranslation/cimig/Transaction and Translation Component/genrules/rules_h2/js/jakezatecky/d3-funnel/CImig.yml;D:\vscode\3\CItranslation\cimig\Transaction and Translation Component\data_pairs\js\jakezatecky\d3-funnel\actions.yml,D:\vscode\3\CItranslation\cimig\Transaction and Translation Component\data_pairs\js\jakezatecky\d3-funnel\travis.yml,
D:/vscode/3/CItranslation/cimig/Transaction and Translation Component/genrules/rules_h2/js/jakezatecky/react-checkbox-tree/CImig.yml;D:\vscode\3\CItranslation\cimig\Transaction and Translation Component\data_pairs\js\jakezatecky\react-checkbox-tree\actions.yml,D:\vscode\3\CItranslation\cimig\Transaction and Translation Component\data_pairs\js\jakezatecky\react-checkbox-tree\travis.yml,
D:/vscode/3/CItranslation/cimig/Transaction and Translation Component/genrules/rules_h2/js/jeffbski/wait-on/CImig.yml;D:\vscode\3\CItranslation\cimig\Transaction and Translation Component\data_pairs\js\jeffbski\wait-on\actions.yml,D:\vscode\3\CItranslation\cimig\Transaction and Translation Component\data_pairs\js\jeffbski\wait-on\travis.yml,
D:/vscode/3/CItranslation/cimig/Transaction and Translation Component/genrules/rules_h2/js/jfromaniello/url-join/CImig.yml;D:\vscode\3\CItranslation\cimig\Transaction and Translation Component\data_pairs\js\jfromaniello\url-join\actions.yml,D:\vscode\3\CItranslation\cimig\Transaction and Translation Component\data_pairs\js\jfromaniello\url-join\travis.yml,
D:/vscode/3/CItranslation/cimig/Transaction and Translation Component/genrules/rules_h2/js/jonkemp/inline-css/CImig.yml;D:\vscode\3\CItranslation\cimig\Transaction and Translation Component\data_pairs\js\jonkemp\inline-css\actions.yml,D:\vscode\3\CItranslation\cimig\Transaction and Translation Component\data_pairs\js\jonkemp\inline-css\travis.yml,
D:/vscode/3/CItranslation/cimig/Transaction and Translation Component/genrules/rules_h2/js/jsdom/cssstyle/CImig.yml;D:\vscode\3\CItranslation\cimig\Transaction and Translation Component\data_pairs\js\jsdom\cssstyle\actions.yml,D:\vscode\3\CItranslation\cimig\Transaction and Translation Component\data_pairs\js\jsdom\cssstyle\travis.yml,
D:/vscode/3/CItranslation/cimig/Transaction and Translation Component/genrules/rules_h2/js/jshttp/on-headers/CImig.yml;D:\vscode\3\CItranslation\cimig\Transaction and Translation Component\data_pairs\js\jshttp\on-headers\actions.yml,D:\vscode\3\CItranslation\cimig\Transaction and Translation Component\data_pairs\js\jshttp\on-headers\travis.yml,
D:/vscode/3/CItranslation/cimig/Transaction and Translation Component/genrules/rules_h2/js/jshttp/vary/CImig.yml;D:\vscode\3\CItranslation\cimig\Transaction and Translation Component\data_pairs\js\jshttp\vary\actions.yml,D:\vscode\3\CItranslation\cimig\Transaction and Translation Component\data_pairs\js\jshttp\vary\travis.yml,
D:/vscode/3/CItranslation/cimig/Transaction and Translation Component/genrules/rules_h2/js/kaelzhang/node-ignore/CImig.yml;D:\vscode\3\CItranslation\cimig\Transaction and Translation Component\data_pairs\js\kaelzhang\node-ignore\actions.yml,D:\vscode\3\CItranslation\cimig\Transaction and Translation Component\data_pairs\js\kaelzhang\node-ignore\travis.yml,
D:/vscode/3/CItranslation/cimig/Transaction and Translation Component/genrules/rules_h2/js/kerimdzhanov/dotenv-flow-webpack/CImig.yml;D:\vscode\3\CItranslation\cimig\Transaction and Translation Component\data_pairs\js\kerimdzhanov\dotenv-flow-webpack\actions.yml,D:\vscode\3\CItranslation\cimig\Transaction and Translation Component\data_pairs\js\kerimdzhanov\dotenv-flow-webpack\travis.yml,
D:/vscode/3/CItranslation/cimig/Transaction and Translation Component/genrules/rules_h2/js/ksdaemon/sails-hook-sequelize/CImig.yml;D:\vscode\3\CItranslation\cimig\Transaction and Translation Component\data_pairs\js\ksdaemon\sails-hook-sequelize\actions.yml,D:\vscode\3\CItranslation\cimig\Transaction and Translation Component\data_pairs\js\ksdaemon\sails-hook-sequelize\travis.yml,
D:/vscode/3/CItranslation/cimig/Transaction and Translation Component/genrules/rules_h2/js/localstack/serverless-localstack/CImig.yml;D:\vscode\3\CItranslation\cimig\Transaction and Translation Component\data_pairs\js\localstack\serverless-localstack\actions.yml,D:\vscode\3\CItranslation\cimig\Transaction and Translation Component\data_pairs\js\localstack\serverless-localstack\travis.yml,
D:/vscode/3/CItranslation/cimig/Transaction and Translation Component/genrules/rules_h2/js/ludofischer/metalsmith-gzip/CImig.yml;D:\vscode\3\CItranslation\cimig\Transaction and Translation Component\data_pairs\js\ludofischer\metalsmith-gzip\actions.yml,D:\vscode\3\CItranslation\cimig\Transaction and Translation Component\data_pairs\js\ludofischer\metalsmith-gzip\travis.yml,
D:/vscode/3/CItranslation/cimig/Transaction and Translation Component/genrules/rules_h2/js/lupomontero/porch/CImig.yml;D:\vscode\3\CItranslation\cimig\Transaction and Translation Component\data_pairs\js\lupomontero\porch\actions.yml,D:\vscode\3\CItranslation\cimig\Transaction and Translation Component\data_pairs\js\lupomontero\porch\travis.yml,
D:/vscode/3/CItranslation/cimig/Transaction and Translation Component/genrules/rules_h2/js/maasglobal/io-ts-from-json-schema/CImig.yml;D:\vscode\3\CItranslation\cimig\Transaction and Translation Component\data_pairs\js\maasglobal\io-ts-from-json-schema\actions.yml,D:\vscode\3\CItranslation\cimig\Transaction and Translation Component\data_pairs\js\maasglobal\io-ts-from-json-schema\travis.yml,
D:/vscode/3/CItranslation/cimig/Transaction and Translation Component/genrules/rules_h2/js/mafintosh/protocol-buffers/CImig.yml;D:\vscode\3\CItranslation\cimig\Transaction and Translation Component\data_pairs\js\mafintosh\protocol-buffers\actions.yml,D:\vscode\3\CItranslation\cimig\Transaction and Translation Component\data_pairs\js\mafintosh\protocol-buffers\travis.yml,
D:/vscode/3/CItranslation/cimig/Transaction and Translation Component/genrules/rules_h2/js/maptiler/tileserver-gl/CImig.yml;D:\vscode\3\CItranslation\cimig\Transaction and Translation Component\data_pairs\js\maptiler\tileserver-gl\actions.yml,D:\vscode\3\CItranslation\cimig\Transaction and Translation Component\data_pairs\js\maptiler\tileserver-gl\travis.yml,
D:/vscode/3/CItranslation/cimig/Transaction and Translation Component/genrules/rules_h2/js/marceloucker/postcss-prefixer/CImig.yml;D:\vscode\3\CItranslation\cimig\Transaction and Translation Component\data_pairs\js\marceloucker\postcss-prefixer\actions.yml,D:\vscode\3\CItranslation\cimig\Transaction and Translation Component\data_pairs\js\marceloucker\postcss-prefixer\travis.yml,
D:/vscode/3/CItranslation/cimig/Transaction and Translation Component/genrules/rules_h2/js/markets/suchtube/CImig.yml;D:\vscode\3\CItranslation\cimig\Transaction and Translation Component\data_pairs\js\markets\suchtube\actions.yml,D:\vscode\3\CItranslation\cimig\Transaction and Translation Component\data_pairs\js\markets\suchtube\travis.yml,
D:/vscode/3/CItranslation/cimig/Transaction and Translation Component/genrules/rules_h2/js/mgol/jquery.classlist/CImig.yml;D:\vscode\3\CItranslation\cimig\Transaction and Translation Component\data_pairs\js\mgol\jquery.classlist\actions.yml,D:\vscode\3\CItranslation\cimig\Transaction and Translation Component\data_pairs\js\mgol\jquery.classlist\travis.yml,
D:/vscode/3/CItranslation/cimig/Transaction and Translation Component/genrules/rules_h2/js/micromatch/braces/CImig.yml;D:\vscode\3\CItranslation\cimig\Transaction and Translation Component\data_pairs\js\micromatch\braces\actions.yml,D:\vscode\3\CItranslation\cimig\Transaction and Translation Component\data_pairs\js\micromatch\braces\travis.yml,
D:/vscode/3/CItranslation/cimig/Transaction and Translation Component/genrules/rules_h2/js/mihai-vlc/uglifyjs-folder/CImig.yml;D:\vscode\3\CItranslation\cimig\Transaction and Translation Component\data_pairs\js\mihai-vlc\uglifyjs-folder\actions.yml,D:\vscode\3\CItranslation\cimig\Transaction and Translation Component\data_pairs\js\mihai-vlc\uglifyjs-folder\travis.yml,
D:/vscode/3/CItranslation/cimig/Transaction and Translation Component/genrules/rules_h2/js/mikemcl/bignumber.js/CImig.yml;D:\vscode\3\CItranslation\cimig\Transaction and Translation Component\data_pairs\js\mikemcl\bignumber.js\actions.yml,D:\vscode\3\CItranslation\cimig\Transaction and Translation Component\data_pairs\js\mikemcl\bignumber.js\travis.yml,
D:/vscode/3/CItranslation/cimig/Transaction and Translation Component/genrules/rules_h2/js/misund/hex-to-rgba/CImig.yml;D:\vscode\3\CItranslation\cimig\Transaction and Translation Component\data_pairs\js\misund\hex-to-rgba\actions.yml,D:\vscode\3\CItranslation\cimig\Transaction and Translation Component\data_pairs\js\misund\hex-to-rgba\travis.yml,
D:/vscode/3/CItranslation/cimig/Transaction and Translation Component/genrules/rules_h2/js/mmalecki/spawn-command/CImig.yml;D:\vscode\3\CItranslation\cimig\Transaction and Translation Component\data_pairs\js\mmalecki\spawn-command\actions.yml,D:\vscode\3\CItranslation\cimig\Transaction and Translation Component\data_pairs\js\mmalecki\spawn-command\travis.yml,
D:/vscode/3/CItranslation/cimig/Transaction and Translation Component/genrules/rules_h2/js/modernizr/grunt-modernizr/CImig.yml;D:\vscode\3\CItranslation\cimig\Transaction and Translation Component\data_pairs\js\modernizr\grunt-modernizr\actions.yml,D:\vscode\3\CItranslation\cimig\Transaction and Translation Component\data_pairs\js\modernizr\grunt-modernizr\travis.yml,
D:/vscode/3/CItranslation/cimig/Transaction and Translation Component/genrules/rules_h2/js/mohlsen/check-engine/CImig.yml;D:\vscode\3\CItranslation\cimig\Transaction and Translation Component\data_pairs\js\mohlsen\check-engine\actions.yml,D:\vscode\3\CItranslation\cimig\Transaction and Translation Component\data_pairs\js\mohlsen\check-engine\travis.yml,
D:/vscode/3/CItranslation/cimig/Transaction and Translation Component/genrules/rules_h2/js/moll/node-mitm/CImig.yml;D:\vscode\3\CItranslation\cimig\Transaction and Translation Component\data_pairs\js\moll\node-mitm\actions.yml,D:\vscode\3\CItranslation\cimig\Transaction and Translation Component\data_pairs\js\moll\node-mitm\travis.yml,
D:/vscode/3/CItranslation/cimig/Transaction and Translation Component/genrules/rules_h2/js/mourner/bullshit.js/CImig.yml;D:\vscode\3\CItranslation\cimig\Transaction and Translation Component\data_pairs\js\mourner\bullshit.js\actions.yml,D:\vscode\3\CItranslation\cimig\Transaction and Translation Component\data_pairs\js\mourner\bullshit.js\travis.yml,
D:/vscode/3/CItranslation/cimig/Transaction and Translation Component/genrules/rules_h2/js/mreinstein/node-gearman/CImig.yml;D:\vscode\3\CItranslation\cimig\Transaction and Translation Component\data_pairs\js\mreinstein\node-gearman\actions.yml,D:\vscode\3\CItranslation\cimig\Transaction and Translation Component\data_pairs\js\mreinstein\node-gearman\travis.yml,
D:/vscode/3/CItranslation/cimig/Transaction and Translation Component/genrules/rules_h2/js/nextstrain/nextstrain.org/CImig.yml;D:\vscode\3\CItranslation\cimig\Transaction and Translation Component\data_pairs\js\nextstrain\nextstrain.org\actions.yml,D:\vscode\3\CItranslation\cimig\Transaction and Translation Component\data_pairs\js\nextstrain\nextstrain.org\travis.yml,
D:/vscode/3/CItranslation/cimig/Transaction and Translation Component/genrules/rules_h2/js/ninetwozero/gradle-to-js/CImig.yml;D:\vscode\3\CItranslation\cimig\Transaction and Translation Component\data_pairs\js\ninetwozero\gradle-to-js\actions.yml,D:\vscode\3\CItranslation\cimig\Transaction and Translation Component\data_pairs\js\ninetwozero\gradle-to-js\travis.yml,
D:/vscode/3/CItranslation/cimig/Transaction and Translation Component/genrules/rules_h2/js/pa11y/pa11y-dashboard/CImig.yml;D:\vscode\3\CItranslation\cimig\Transaction and Translation Component\data_pairs\js\pa11y\pa11y-dashboard\actions.yml,D:\vscode\3\CItranslation\cimig\Transaction and Translation Component\data_pairs\js\pa11y\pa11y-dashboard\travis.yml,
D:/vscode/3/CItranslation/cimig/Transaction and Translation Component/genrules/rules_h2/js/picnicsupermarket/localicious/CImig.yml;D:\vscode\3\CItranslation\cimig\Transaction and Translation Component\data_pairs\js\picnicsupermarket\localicious\actions.yml,D:\vscode\3\CItranslation\cimig\Transaction and Translation Component\data_pairs\js\picnicsupermarket\localicious\travis.yml,
D:/vscode/3/CItranslation/cimig/Transaction and Translation Component/genrules/rules_h2/js/pirxpilot/connect-gzip-static/CImig.yml;D:\vscode\3\CItranslation\cimig\Transaction and Translation Component\data_pairs\js\pirxpilot\connect-gzip-static\actions.yml,D:\vscode\3\CItranslation\cimig\Transaction and Translation Component\data_pairs\js\pirxpilot\connect-gzip-static\travis.yml,
D:/vscode/3/CItranslation/cimig/Transaction and Translation Component/genrules/rules_h2/js/plotly/react-cytoscapejs/CImig.yml;D:\vscode\3\CItranslation\cimig\Transaction and Translation Component\data_pairs\js\plotly\react-cytoscapejs\actions.yml,D:\vscode\3\CItranslation\cimig\Transaction and Translation Component\data_pairs\js\plotly\react-cytoscapejs\travis.yml,
D:/vscode/3/CItranslation/cimig/Transaction and Translation Component/genrules/rules_h2/js/pokemontrades/flairhq/CImig.yml;D:\vscode\3\CItranslation\cimig\Transaction and Translation Component\data_pairs\js\pokemontrades\flairhq\actions.yml,D:\vscode\3\CItranslation\cimig\Transaction and Translation Component\data_pairs\js\pokemontrades\flairhq\travis.yml,
D:/vscode/3/CItranslation/cimig/Transaction and Translation Component/genrules/rules_h2/js/polygonplanet/lzjs/CImig.yml;D:\vscode\3\CItranslation\cimig\Transaction and Translation Component\data_pairs\js\polygonplanet\lzjs\actions.yml,D:\vscode\3\CItranslation\cimig\Transaction and Translation Component\data_pairs\js\polygonplanet\lzjs\travis.yml,
D:/vscode/3/CItranslation/cimig/Transaction and Translation Component/genrules/rules_h2/js/qgustavor/mega/CImig.yml;D:\vscode\3\CItranslation\cimig\Transaction and Translation Component\data_pairs\js\qgustavor\mega\actions.yml,D:\vscode\3\CItranslation\cimig\Transaction and Translation Component\data_pairs\js\qgustavor\mega\travis.yml,
D:/vscode/3/CItranslation/cimig/Transaction and Translation Component/genrules/rules_h2/js/quaertym/ember-cli-dependency-checker/CImig.yml;D:\vscode\3\CItranslation\cimig\Transaction and Translation Component\data_pairs\js\quaertym\ember-cli-dependency-checker\actions.yml,D:\vscode\3\CItranslation\cimig\Transaction and Translation Component\data_pairs\js\quaertym\ember-cli-dependency-checker\travis.yml,
D:/vscode/3/CItranslation/cimig/Transaction and Translation Component/genrules/rules_h2/js/ralphtheninja/mqtt-match/CImig.yml;D:\vscode\3\CItranslation\cimig\Transaction and Translation Component\data_pairs\js\ralphtheninja\mqtt-match\actions.yml,D:\vscode\3\CItranslation\cimig\Transaction and Translation Component\data_pairs\js\ralphtheninja\mqtt-match\travis.yml,
D:/vscode/3/CItranslation/cimig/Transaction and Translation Component/genrules/rules_h2/js/rexxars/hyphenate-style-name/CImig.yml;D:\vscode\3\CItranslation\cimig\Transaction and Translation Component\data_pairs\js\rexxars\hyphenate-style-name\actions.yml,D:\vscode\3\CItranslation\cimig\Transaction and Translation Component\data_pairs\js\rexxars\hyphenate-style-name\travis.yml,
D:/vscode/3/CItranslation/cimig/Transaction and Translation Component/genrules/rules_h2/js/rexxars/registry-auth-token/CImig.yml;D:\vscode\3\CItranslation\cimig\Transaction and Translation Component\data_pairs\js\rexxars\registry-auth-token\actions.yml,D:\vscode\3\CItranslation\cimig\Transaction and Translation Component\data_pairs\js\rexxars\registry-auth-token\travis.yml,
D:/vscode/3/CItranslation/cimig/Transaction and Translation Component/genrules/rules_h2/js/rolodato/dotenv-safe/CImig.yml;D:\vscode\3\CItranslation\cimig\Transaction and Translation Component\data_pairs\js\rolodato\dotenv-safe\actions.yml,D:\vscode\3\CItranslation\cimig\Transaction and Translation Component\data_pairs\js\rolodato\dotenv-safe\travis.yml,
D:/vscode/3/CItranslation/cimig/Transaction and Translation Component/genrules/rules_h2/js/rovellipaolo/gnome-shell-extension-sermon/CImig.yml;D:\vscode\3\CItranslation\cimig\Transaction and Translation Component\data_pairs\js\rovellipaolo\gnome-shell-extension-sermon\actions.yml,D:\vscode\3\CItranslation\cimig\Transaction and Translation Component\data_pairs\js\rovellipaolo\gnome-shell-extension-sermon\travis.yml,
D:/vscode/3/CItranslation/cimig/Transaction and Translation Component/genrules/rules_h2/js/ryanzim/universalify/CImig.yml;D:\vscode\3\CItranslation\cimig\Transaction and Translation Component\data_pairs\js\ryanzim\universalify\actions.yml,D:\vscode\3\CItranslation\cimig\Transaction and Translation Component\data_pairs\js\ryanzim\universalify\travis.yml,
D:/vscode/3/CItranslation/cimig/Transaction and Translation Component/genrules/rules_h2/js/sap/openui5-worklist-app/CImig.yml;D:\vscode\3\CItranslation\cimig\Transaction and Translation Component\data_pairs\js\sap\openui5-worklist-app\actions.yml,D:\vscode\3\CItranslation\cimig\Transaction and Translation Component\data_pairs\js\sap\openui5-worklist-app\travis.yml,
D:/vscode/3/CItranslation/cimig/Transaction and Translation Component/genrules/rules_h2/js/SAP-archive/openui5-worklist-app/CImig.yml;D:\vscode\3\CItranslation\cimig\Transaction and Translation Component\data_pairs\js\SAP-archive\openui5-worklist-app\actions.yml,D:\vscode\3\CItranslation\cimig\Transaction and Translation Component\data_pairs\js\SAP-archive\openui5-worklist-app\travis.yml,
D:/vscode/3/CItranslation/cimig/Transaction and Translation Component/genrules/rules_h2/js/sarcadass/i18n-zipcodes/CImig.yml;D:\vscode\3\CItranslation\cimig\Transaction and Translation Component\data_pairs\js\sarcadass\i18n-zipcodes\actions.yml,D:\vscode\3\CItranslation\cimig\Transaction and Translation Component\data_pairs\js\sarcadass\i18n-zipcodes\travis.yml,
D:/vscode/3/CItranslation/cimig/Transaction and Translation Component/genrules/rules_h2/js/sboudrias/class-extend/CImig.yml;D:\vscode\3\CItranslation\cimig\Transaction and Translation Component\data_pairs\js\sboudrias\class-extend\actions.yml,D:\vscode\3\CItranslation\cimig\Transaction and Translation Component\data_pairs\js\sboudrias\class-extend\travis.yml,
D:/vscode/3/CItranslation/cimig/Transaction and Translation Component/genrules/rules_h2/js/schema-inspector/schema-inspector/CImig.yml;D:\vscode\3\CItranslation\cimig\Transaction and Translation Component\data_pairs\js\schema-inspector\schema-inspector\actions.yml,D:\vscode\3\CItranslation\cimig\Transaction and Translation Component\data_pairs\js\schema-inspector\schema-inspector\travis.yml,
D:/vscode/3/CItranslation/cimig/Transaction and Translation Component/genrules/rules_h2/js/sonyseng/json-caching-proxy/CImig.yml;D:\vscode\3\CItranslation\cimig\Transaction and Translation Component\data_pairs\js\sonyseng\json-caching-proxy\actions.yml,D:\vscode\3\CItranslation\cimig\Transaction and Translation Component\data_pairs\js\sonyseng\json-caching-proxy\travis.yml,
D:/vscode/3/CItranslation/cimig/Transaction and Translation Component/genrules/rules_h2/js/ssbc/multiblob/CImig.yml;D:\vscode\3\CItranslation\cimig\Transaction and Translation Component\data_pairs\js\ssbc\multiblob\actions.yml,D:\vscode\3\CItranslation\cimig\Transaction and Translation Component\data_pairs\js\ssbc\multiblob\travis.yml,
D:/vscode/3/CItranslation/cimig/Transaction and Translation Component/genrules/rules_h2/js/streamich/fs-monkey/CImig.yml;D:\vscode\3\CItranslation\cimig\Transaction and Translation Component\data_pairs\js\streamich\fs-monkey\actions.yml,D:\vscode\3\CItranslation\cimig\Transaction and Translation Component\data_pairs\js\streamich\fs-monkey\travis.yml,
D:/vscode/3/CItranslation/cimig/Transaction and Translation Component/genrules/rules_h2/js/tbhesswebber/style-object-to-css-string/CImig.yml;D:\vscode\3\CItranslation\cimig\Transaction and Translation Component\data_pairs\js\tbhesswebber\style-object-to-css-string\actions.yml,D:\vscode\3\CItranslation\cimig\Transaction and Translation Component\data_pairs\js\tbhesswebber\style-object-to-css-string\travis.yml,
D:/vscode/3/CItranslation/cimig/Transaction and Translation Component/genrules/rules_h2/js/tcql/node-yesno/CImig.yml;D:\vscode\3\CItranslation\cimig\Transaction and Translation Component\data_pairs\js\tcql\node-yesno\actions.yml,D:\vscode\3\CItranslation\cimig\Transaction and Translation Component\data_pairs\js\tcql\node-yesno\travis.yml,
D:/vscode/3/CItranslation/cimig/Transaction and Translation Component/genrules/rules_h2/js/tekkamanendless/umactually/CImig.yml;D:\vscode\3\CItranslation\cimig\Transaction and Translation Component\data_pairs\js\tekkamanendless\umactually\actions.yml,D:\vscode\3\CItranslation\cimig\Transaction and Translation Component\data_pairs\js\tekkamanendless\umactually\travis.yml,
D:/vscode/3/CItranslation/cimig/Transaction and Translation Component/genrules/rules_h2/js/theforeman/npm2rpm/CImig.yml;D:\vscode\3\CItranslation\cimig\Transaction and Translation Component\data_pairs\js\theforeman\npm2rpm\actions.yml,D:\vscode\3\CItranslation\cimig\Transaction and Translation Component\data_pairs\js\theforeman\npm2rpm\travis.yml,
D:/vscode/3/CItranslation/cimig/Transaction and Translation Component/genrules/rules_h2/js/thlorenz/convert-source-map/CImig.yml;D:\vscode\3\CItranslation\cimig\Transaction and Translation Component\data_pairs\js\thlorenz\convert-source-map\actions.yml,D:\vscode\3\CItranslation\cimig\Transaction and Translation Component\data_pairs\js\thlorenz\convert-source-map\travis.yml,
D:/vscode/3/CItranslation/cimig/Transaction and Translation Component/genrules/rules_h2/js/thlorenz/inline-source-map/CImig.yml;D:\vscode\3\CItranslation\cimig\Transaction and Translation Component\data_pairs\js\thlorenz\inline-source-map\actions.yml,D:\vscode\3\CItranslation\cimig\Transaction and Translation Component\data_pairs\js\thlorenz\inline-source-map\travis.yml,
D:/vscode/3/CItranslation/cimig/Transaction and Translation Component/genrules/rules_h2/js/tobie/pr-preview/CImig.yml;D:\vscode\3\CItranslation\cimig\Transaction and Translation Component\data_pairs\js\tobie\pr-preview\actions.yml,D:\vscode\3\CItranslation\cimig\Transaction and Translation Component\data_pairs\js\tobie\pr-preview\travis.yml,
D:/vscode/3/CItranslation/cimig/Transaction and Translation Component/genrules/rules_h2/js/ua-parser/uap-core/CImig.yml;D:\vscode\3\CItranslation\cimig\Transaction and Translation Component\data_pairs\js\ua-parser\uap-core\actions.yml,D:\vscode\3\CItranslation\cimig\Transaction and Translation Component\data_pairs\js\ua-parser\uap-core\travis.yml,
D:/vscode/3/CItranslation/cimig/Transaction and Translation Component/genrules/rules_h2/js/unitech/pm2/CImig.yml;D:\vscode\3\CItranslation\cimig\Transaction and Translation Component\data_pairs\js\unitech\pm2\actions.yml,D:\vscode\3\CItranslation\cimig\Transaction and Translation Component\data_pairs\js\unitech\pm2\travis.yml,
D:/vscode/3/CItranslation/cimig/Transaction and Translation Component/genrules/rules_h2/js/watson/https-pem/CImig.yml;D:\vscode\3\CItranslation\cimig\Transaction and Translation Component\data_pairs\js\watson\https-pem\actions.yml,D:\vscode\3\CItranslation\cimig\Transaction and Translation Component\data_pairs\js\watson\https-pem\travis.yml,
D:/vscode/3/CItranslation/cimig/Transaction and Translation Component/genrules/rules_h2/js/whawker/react-jsx-highcharts/CImig.yml;D:\vscode\3\CItranslation\cimig\Transaction and Translation Component\data_pairs\js\whawker\react-jsx-highcharts\actions.yml,D:\vscode\3\CItranslation\cimig\Transaction and Translation Component\data_pairs\js\whawker\react-jsx-highcharts\travis.yml,
D:/vscode/3/CItranslation/cimig/Transaction and Translation Component/genrules/rules_h2/js/winstonjs/winston-daily-rotate-file/CImig.yml;D:\vscode\3\CItranslation\cimig\Transaction and Translation Component\data_pairs\js\winstonjs\winston-daily-rotate-file\actions.yml,D:\vscode\3\CItranslation\cimig\Transaction and Translation Component\data_pairs\js\winstonjs\winston-daily-rotate-file\travis.yml,
D:/vscode/3/CItranslation/cimig/Transaction and Translation Component/genrules/rules_h2/js/xi/aria-api/CImig.yml;D:\vscode\3\CItranslation\cimig\Transaction and Translation Component\data_pairs\js\xi\aria-api\actions.yml,D:\vscode\3\CItranslation\cimig\Transaction and Translation Component\data_pairs\js\xi\aria-api\travis.yml,
D:/vscode/3/CItranslation/cimig/Transaction and Translation Component/genrules/rules_h2/js/yeoman/yeoman-welcome/CImig.yml;D:\vscode\3\CItranslation\cimig\Transaction and Translation Component\data_pairs\js\yeoman\yeoman-welcome\actions.yml,D:\vscode\3\CItranslation\cimig\Transaction and Translation Component\data_pairs\js\yeoman\yeoman-welcome\travis.yml,
D:/vscode/3/CItranslation/cimig/Transaction and Translation Component/genrules/rules_h2/js/yoast/yoast-seo-for-neos/CImig.yml;D:\vscode\3\CItranslation\cimig\Transaction and Translation Component\data_pairs\js\yoast\yoast-seo-for-neos\actions.yml,D:\vscode\3\CItranslation\cimig\Transaction and Translation Component\data_pairs\js\yoast\yoast-seo-for-neos\travis.yml,
D:/vscode/3/CItranslation/cimig/Transaction and Translation Component/genrules/rules_h2/py/aboucaud/pypher/CImig.yml;D:\vscode\3\CItranslation\cimig\Transaction and Translation Component\data_pairs\py\aboucaud\pypher\actions.yml,D:\vscode\3\CItranslation\cimig\Transaction and Translation Component\data_pairs\py\aboucaud\pypher\travis.yml,
D:/vscode/3/CItranslation/cimig/Transaction and Translation Component/genrules/rules_h2/py/akshaykmr/emailtrail/CImig.yml;D:\vscode\3\CItranslation\cimig\Transaction and Translation Component\data_pairs\py\akshaykmr\emailtrail\actions.yml,D:\vscode\3\CItranslation\cimig\Transaction and Translation Component\data_pairs\py\akshaykmr\emailtrail\travis.yml,
D:/vscode/3/CItranslation/cimig/Transaction and Translation Component/genrules/rules_h2/py/alexaltea/ntypes/CImig.yml;D:\vscode\3\CItranslation\cimig\Transaction and Translation Component\data_pairs\py\alexaltea\ntypes\actions.yml,D:\vscode\3\CItranslation\cimig\Transaction and Translation Component\data_pairs\py\alexaltea\ntypes\travis.yml,
D:/vscode/3/CItranslation/cimig/Transaction and Translation Component/genrules/rules_h2/py/algorand/pyteal/CImig.yml;D:\vscode\3\CItranslation\cimig\Transaction and Translation Component\data_pairs\py\algorand\pyteal\actions.yml,D:\vscode\3\CItranslation\cimig\Transaction and Translation Component\data_pairs\py\algorand\pyteal\travis.yml,
D:/vscode/3/CItranslation/cimig/Transaction and Translation Component/genrules/rules_h2/py/andhus/scantree/CImig.yml;D:\vscode\3\CItranslation\cimig\Transaction and Translation Component\data_pairs\py\andhus\scantree\actions.yml,D:\vscode\3\CItranslation\cimig\Transaction and Translation Component\data_pairs\py\andhus\scantree\travis.yml,
D:/vscode/3/CItranslation/cimig/Transaction and Translation Component/genrules/rules_h2/py/apache/airavata-django-portal/CImig.yml;D:\vscode\3\CItranslation\cimig\Transaction and Translation Component\data_pairs\py\apache\airavata-django-portal\actions.yml,D:\vscode\3\CItranslation\cimig\Transaction and Translation Component\data_pairs\py\apache\airavata-django-portal\travis.yml,
D:/vscode/3/CItranslation/cimig/Transaction and Translation Component/genrules/rules_h2/py/areski/python-nvd3/CImig.yml;D:\vscode\3\CItranslation\cimig\Transaction and Translation Component\data_pairs\py\areski\python-nvd3\actions.yml,D:\vscode\3\CItranslation\cimig\Transaction and Translation Component\data_pairs\py\areski\python-nvd3\travis.yml,
D:/vscode/3/CItranslation/cimig/Transaction and Translation Component/genrules/rules_h2/py/associatedpress/datakit-core/CImig.yml;D:\vscode\3\CItranslation\cimig\Transaction and Translation Component\data_pairs\py\associatedpress\datakit-core\actions.yml,D:\vscode\3\CItranslation\cimig\Transaction and Translation Component\data_pairs\py\associatedpress\datakit-core\travis.yml,
D:/vscode/3/CItranslation/cimig/Transaction and Translation Component/genrules/rules_h2/py/autotest/tp-qemu/CImig.yml;D:\vscode\3\CItranslation\cimig\Transaction and Translation Component\data_pairs\py\autotest\tp-qemu\actions.yml,D:\vscode\3\CItranslation\cimig\Transaction and Translation Component\data_pairs\py\autotest\tp-qemu\travis.yml,
D:/vscode/3/CItranslation/cimig/Transaction and Translation Component/genrules/rules_h2/py/billdeitrick/pypco/CImig.yml;D:\vscode\3\CItranslation\cimig\Transaction and Translation Component\data_pairs\py\billdeitrick\pypco\actions.yml,D:\vscode\3\CItranslation\cimig\Transaction and Translation Component\data_pairs\py\billdeitrick\pypco\travis.yml,
D:/vscode/3/CItranslation/cimig/Transaction and Translation Component/genrules/rules_h2/py/bodik/soft-webauthn/CImig.yml;D:\vscode\3\CItranslation\cimig\Transaction and Translation Component\data_pairs\py\bodik\soft-webauthn\actions.yml,D:\vscode\3\CItranslation\cimig\Transaction and Translation Component\data_pairs\py\bodik\soft-webauthn\travis.yml,
D:/vscode/3/CItranslation/cimig/Transaction and Translation Component/genrules/rules_h2/py/cbillingham/docconvert/CImig.yml;D:\vscode\3\CItranslation\cimig\Transaction and Translation Component\data_pairs\py\cbillingham\docconvert\actions.yml,D:\vscode\3\CItranslation\cimig\Transaction and Translation Component\data_pairs\py\cbillingham\docconvert\travis.yml,
D:/vscode/3/CItranslation/cimig/Transaction and Translation Component/genrules/rules_h2/py/cenkalti/pypi-notifier/CImig.yml;D:\vscode\3\CItranslation\cimig\Transaction and Translation Component\data_pairs\py\cenkalti\pypi-notifier\actions.yml,D:\vscode\3\CItranslation\cimig\Transaction and Translation Component\data_pairs\py\cenkalti\pypi-notifier\travis.yml,
D:/vscode/3/CItranslation/cimig/Transaction and Translation Component/genrules/rules_h2/py/clembou/behave-pandas/CImig.yml;D:\vscode\3\CItranslation\cimig\Transaction and Translation Component\data_pairs\py\clembou\behave-pandas\actions.yml,D:\vscode\3\CItranslation\cimig\Transaction and Translation Component\data_pairs\py\clembou\behave-pandas\travis.yml,
D:/vscode/3/CItranslation/cimig/Transaction and Translation Component/genrules/rules_h2/py/click-contrib/click-configfile/CImig.yml;D:\vscode\3\CItranslation\cimig\Transaction and Translation Component\data_pairs\py\click-contrib\click-configfile\actions.yml,D:\vscode\3\CItranslation\cimig\Transaction and Translation Component\data_pairs\py\click-contrib\click-configfile\travis.yml,
D:/vscode/3/CItranslation/cimig/Transaction and Translation Component/genrules/rules_h2/py/click-contrib/click-log/CImig.yml;D:\vscode\3\CItranslation\cimig\Transaction and Translation Component\data_pairs\py\click-contrib\click-log\actions.yml,D:\vscode\3\CItranslation\cimig\Transaction and Translation Component\data_pairs\py\click-contrib\click-log\travis.yml,
D:/vscode/3/CItranslation/cimig/Transaction and Translation Component/genrules/rules_h2/py/codereclaimers/neat-python/CImig.yml;D:\vscode\3\CItranslation\cimig\Transaction and Translation Component\data_pairs\py\codereclaimers\neat-python\actions.yml,D:\vscode\3\CItranslation\cimig\Transaction and Translation Component\data_pairs\py\codereclaimers\neat-python\travis.yml,
D:/vscode/3/CItranslation/cimig/Transaction and Translation Component/genrules/rules_h2/py/cuducos/webassets-elm/CImig.yml;D:\vscode\3\CItranslation\cimig\Transaction and Translation Component\data_pairs\py\cuducos\webassets-elm\actions.yml,D:\vscode\3\CItranslation\cimig\Transaction and Translation Component\data_pairs\py\cuducos\webassets-elm\travis.yml,
D:/vscode/3/CItranslation/cimig/Transaction and Translation Component/genrules/rules_h2/py/dakrauth/django-swingtime/CImig.yml;D:\vscode\3\CItranslation\cimig\Transaction and Translation Component\data_pairs\py\dakrauth\django-swingtime\actions.yml,D:\vscode\3\CItranslation\cimig\Transaction and Translation Component\data_pairs\py\dakrauth\django-swingtime\travis.yml,
D:/vscode/3/CItranslation/cimig/Transaction and Translation Component/genrules/rules_h2/py/databricks/spark-deep-learning/CImig.yml;D:\vscode\3\CItranslation\cimig\Transaction and Translation Component\data_pairs\py\databricks\spark-deep-learning\actions.yml,D:\vscode\3\CItranslation\cimig\Transaction and Translation Component\data_pairs\py\databricks\spark-deep-learning\travis.yml,
D:/vscode/3/CItranslation/cimig/Transaction and Translation Component/genrules/rules_h2/py/davisnt/mopidy-alarmclock/CImig.yml;D:\vscode\3\CItranslation\cimig\Transaction and Translation Component\data_pairs\py\davisnt\mopidy-alarmclock\actions.yml,D:\vscode\3\CItranslation\cimig\Transaction and Translation Component\data_pairs\py\davisnt\mopidy-alarmclock\travis.yml,
D:/vscode/3/CItranslation/cimig/Transaction and Translation Component/genrules/rules_h2/py/dbrgn/drf-dynamic-fields/CImig.yml;D:\vscode\3\CItranslation\cimig\Transaction and Translation Component\data_pairs\py\dbrgn\drf-dynamic-fields\actions.yml,D:\vscode\3\CItranslation\cimig\Transaction and Translation Component\data_pairs\py\dbrgn\drf-dynamic-fields\travis.yml,
D:/vscode/3/CItranslation/cimig/Transaction and Translation Component/genrules/rules_h2/py/dbrgn/rplcd/CImig.yml;D:\vscode\3\CItranslation\cimig\Transaction and Translation Component\data_pairs\py\dbrgn\rplcd\actions.yml,D:\vscode\3\CItranslation\cimig\Transaction and Translation Component\data_pairs\py\dbrgn\rplcd\travis.yml,
D:/vscode/3/CItranslation/cimig/Transaction and Translation Component/genrules/rules_h2/py/delgan/loguru/CImig.yml;D:\vscode\3\CItranslation\cimig\Transaction and Translation Component\data_pairs\py\delgan\loguru\actions.yml,D:\vscode\3\CItranslation\cimig\Transaction and Translation Component\data_pairs\py\delgan\loguru\travis.yml,
D:/vscode/3/CItranslation/cimig/Transaction and Translation Component/genrules/rules_h2/py/dhepper/django-model-path-converter/CImig.yml;D:\vscode\3\CItranslation\cimig\Transaction and Translation Component\data_pairs\py\dhepper\django-model-path-converter\actions.yml,D:\vscode\3\CItranslation\cimig\Transaction and Translation Component\data_pairs\py\dhepper\django-model-path-converter\travis.yml,
D:/vscode/3/CItranslation/cimig/Transaction and Translation Component/genrules/rules_h2/py/dirkmoors/drf-tus/CImig.yml;D:\vscode\3\CItranslation\cimig\Transaction and Translation Component\data_pairs\py\dirkmoors\drf-tus\actions.yml,D:\vscode\3\CItranslation\cimig\Transaction and Translation Component\data_pairs\py\dirkmoors\drf-tus\travis.yml,
D:/vscode/3/CItranslation/cimig/Transaction and Translation Component/genrules/rules_h2/py/earwig/mwparserfromhell/CImig.yml;D:\vscode\3\CItranslation\cimig\Transaction and Translation Component\data_pairs\py\earwig\mwparserfromhell\actions.yml,D:\vscode\3\CItranslation\cimig\Transaction and Translation Component\data_pairs\py\earwig\mwparserfromhell\travis.yml,
D:/vscode/3/CItranslation/cimig/Transaction and Translation Component/genrules/rules_h2/py/eric-wieser/numpy_ringbuffer/CImig.yml;D:\vscode\3\CItranslation\cimig\Transaction and Translation Component\data_pairs\py\eric-wieser\numpy_ringbuffer\actions.yml,D:\vscode\3\CItranslation\cimig\Transaction and Translation Component\data_pairs\py\eric-wieser\numpy_ringbuffer\travis.yml,
D:/vscode/3/CItranslation/cimig/Transaction and Translation Component/genrules/rules_h2/py/EvoluxBR/greenswitch/CImig.yml;D:\vscode\3\CItranslation\cimig\Transaction and Translation Component\data_pairs\py\EvoluxBR\greenswitch\actions.yml,D:\vscode\3\CItranslation\cimig\Transaction and Translation Component\data_pairs\py\EvoluxBR\greenswitch\travis.yml,
D:/vscode/3/CItranslation/cimig/Transaction and Translation Component/genrules/rules_h2/py/faheel/cleanup/CImig.yml;D:\vscode\3\CItranslation\cimig\Transaction and Translation Component\data_pairs\py\faheel\cleanup\actions.yml,D:\vscode\3\CItranslation\cimig\Transaction and Translation Component\data_pairs\py\faheel\cleanup\travis.yml,
D:/vscode/3/CItranslation/cimig/Transaction and Translation Component/genrules/rules_h2/py/fetzerch/kasserver/CImig.yml;D:\vscode\3\CItranslation\cimig\Transaction and Translation Component\data_pairs\py\fetzerch\kasserver\actions.yml,D:\vscode\3\CItranslation\cimig\Transaction and Translation Component\data_pairs\py\fetzerch\kasserver\travis.yml,
D:/vscode/3/CItranslation/cimig/Transaction and Translation Component/genrules/rules_h2/py/filips123/contenthashpy/CImig.yml;D:\vscode\3\CItranslation\cimig\Transaction and Translation Component\data_pairs\py\filips123\contenthashpy\actions.yml,D:\vscode\3\CItranslation\cimig\Transaction and Translation Component\data_pairs\py\filips123\contenthashpy\travis.yml,
D:/vscode/3/CItranslation/cimig/Transaction and Translation Component/genrules/rules_h2/py/globocom/derpconf/CImig.yml;D:\vscode\3\CItranslation\cimig\Transaction and Translation Component\data_pairs\py\globocom\derpconf\actions.yml,D:\vscode\3\CItranslation\cimig\Transaction and Translation Component\data_pairs\py\globocom\derpconf\travis.yml,
D:/vscode/3/CItranslation/cimig/Transaction and Translation Component/genrules/rules_h2/py/gpodder/mygpoclient/CImig.yml;D:\vscode\3\CItranslation\cimig\Transaction and Translation Component\data_pairs\py\gpodder\mygpoclient\actions.yml,D:\vscode\3\CItranslation\cimig\Transaction and Translation Component\data_pairs\py\gpodder\mygpoclient\travis.yml,
D:/vscode/3/CItranslation/cimig/Transaction and Translation Component/genrules/rules_h2/py/gvalkov/python-ansimarkup/CImig.yml;D:\vscode\3\CItranslation\cimig\Transaction and Translation Component\data_pairs\py\gvalkov\python-ansimarkup\actions.yml,D:\vscode\3\CItranslation\cimig\Transaction and Translation Component\data_pairs\py\gvalkov\python-ansimarkup\travis.yml,
D:/vscode/3/CItranslation/cimig/Transaction and Translation Component/genrules/rules_h2/py/hsluv/hsluv-python/CImig.yml;D:\vscode\3\CItranslation\cimig\Transaction and Translation Component\data_pairs\py\hsluv\hsluv-python\actions.yml,D:\vscode\3\CItranslation\cimig\Transaction and Translation Component\data_pairs\py\hsluv\hsluv-python\travis.yml,
D:/vscode/3/CItranslation/cimig/Transaction and Translation Component/genrules/rules_h2/py/html5lib/html5lib-python/CImig.yml;D:\vscode\3\CItranslation\cimig\Transaction and Translation Component\data_pairs\py\html5lib\html5lib-python\actions.yml,D:\vscode\3\CItranslation\cimig\Transaction and Translation Component\data_pairs\py\html5lib\html5lib-python\travis.yml,
D:/vscode/3/CItranslation/cimig/Transaction and Translation Component/genrules/rules_h2/py/humancellatlas/metadata-schema/CImig.yml;D:\vscode\3\CItranslation\cimig\Transaction and Translation Component\data_pairs\py\humancellatlas\metadata-schema\actions.yml,D:\vscode\3\CItranslation\cimig\Transaction and Translation Component\data_pairs\py\humancellatlas\metadata-schema\travis.yml,
D:/vscode/3/CItranslation/cimig/Transaction and Translation Component/genrules/rules_h2/py/ibm/qpylib/CImig.yml;D:\vscode\3\CItranslation\cimig\Transaction and Translation Component\data_pairs\py\ibm\qpylib\actions.yml,D:\vscode\3\CItranslation\cimig\Transaction and Translation Component\data_pairs\py\ibm\qpylib\travis.yml,
D:/vscode/3/CItranslation/cimig/Transaction and Translation Component/genrules/rules_h2/py/idiap/sdialog/CImig.yml;D:\vscode\3\CItranslation\cimig\Transaction and Translation Component\data_pairs\py\idiap\sdialog\actions.yml,D:\vscode\3\CItranslation\cimig\Transaction and Translation Component\data_pairs\py\idiap\sdialog\travis.yml,
D:/vscode/3/CItranslation/cimig/Transaction and Translation Component/genrules/rules_h2/py/in-toto/demo/CImig.yml;D:\vscode\3\CItranslation\cimig\Transaction and Translation Component\data_pairs\py\in-toto\demo\actions.yml,D:\vscode\3\CItranslation\cimig\Transaction and Translation Component\data_pairs\py\in-toto\demo\travis.yml,
D:/vscode/3/CItranslation/cimig/Transaction and Translation Component/genrules/rules_h2/py/jakubplichta/grafana-dashboard-builder/CImig.yml;D:\vscode\3\CItranslation\cimig\Transaction and Translation Component\data_pairs\py\jakubplichta\grafana-dashboard-builder\actions.yml,D:\vscode\3\CItranslation\cimig\Transaction and Translation Component\data_pairs\py\jakubplichta\grafana-dashboard-builder\travis.yml,
D:/vscode/3/CItranslation/cimig/Transaction and Translation Component/genrules/rules_h2/py/jasonacox/tinytuya/CImig.yml;D:\vscode\3\CItranslation\cimig\Transaction and Translation Component\data_pairs\py\jasonacox\tinytuya\actions.yml,D:\vscode\3\CItranslation\cimig\Transaction and Translation Component\data_pairs\py\jasonacox\tinytuya\travis.yml,
D:/vscode/3/CItranslation/cimig/Transaction and Translation Component/genrules/rules_h2/py/jealous/stockstats/CImig.yml;D:\vscode\3\CItranslation\cimig\Transaction and Translation Component\data_pairs\py\jealous\stockstats\actions.yml,D:\vscode\3\CItranslation\cimig\Transaction and Translation Component\data_pairs\py\jealous\stockstats\travis.yml,
D:/vscode/3/CItranslation/cimig/Transaction and Translation Component/genrules/rules_h2/py/jirutka/ssh-ldap-pubkey/CImig.yml;D:\vscode\3\CItranslation\cimig\Transaction and Translation Component\data_pairs\py\jirutka\ssh-ldap-pubkey\actions.yml,D:\vscode\3\CItranslation\cimig\Transaction and Translation Component\data_pairs\py\jirutka\ssh-ldap-pubkey\travis.yml,
D:/vscode/3/CItranslation/cimig/Transaction and Translation Component/genrules/rules_h2/py/jllorencetti/pytest-deadfixtures/CImig.yml;D:\vscode\3\CItranslation\cimig\Transaction and Translation Component\data_pairs\py\jllorencetti\pytest-deadfixtures\actions.yml,D:\vscode\3\CItranslation\cimig\Transaction and Translation Component\data_pairs\py\jllorencetti\pytest-deadfixtures\travis.yml,
D:/vscode/3/CItranslation/cimig/Transaction and Translation Component/genrules/rules_h2/py/jlumpe/pyorg/CImig.yml;D:\vscode\3\CItranslation\cimig\Transaction and Translation Component\data_pairs\py\jlumpe\pyorg\actions.yml,D:\vscode\3\CItranslation\cimig\Transaction and Translation Component\data_pairs\py\jlumpe\pyorg\travis.yml,
D:/vscode/3/CItranslation/cimig/Transaction and Translation Component/genrules/rules_h2/py/jneight/django-earthdistance/CImig.yml;D:\vscode\3\CItranslation\cimig\Transaction and Translation Component\data_pairs\py\jneight\django-earthdistance\actions.yml,D:\vscode\3\CItranslation\cimig\Transaction and Translation Component\data_pairs\py\jneight\django-earthdistance\travis.yml,
D:/vscode/3/CItranslation/cimig/Transaction and Translation Component/genrules/rules_h2/py/johnfraney/flake8-markdown/CImig.yml;D:\vscode\3\CItranslation\cimig\Transaction and Translation Component\data_pairs\py\johnfraney\flake8-markdown\actions.yml,D:\vscode\3\CItranslation\cimig\Transaction and Translation Component\data_pairs\py\johnfraney\flake8-markdown\travis.yml,
D:/vscode/3/CItranslation/cimig/Transaction and Translation Component/genrules/rules_h2/py/johnwmillr/lyricsgenius/CImig.yml;D:\vscode\3\CItranslation\cimig\Transaction and Translation Component\data_pairs\py\johnwmillr\lyricsgenius\actions.yml,D:\vscode\3\CItranslation\cimig\Transaction and Translation Component\data_pairs\py\johnwmillr\lyricsgenius\travis.yml,
D:/vscode/3/CItranslation/cimig/Transaction and Translation Component/genrules/rules_h2/py/jplana/python-etcd/CImig.yml;D:\vscode\3\CItranslation\cimig\Transaction and Translation Component\data_pairs\py\jplana\python-etcd\actions.yml,D:\vscode\3\CItranslation\cimig\Transaction and Translation Component\data_pairs\py\jplana\python-etcd\travis.yml,
D:/vscode/3/CItranslation/cimig/Transaction and Translation Component/genrules/rules_h2/py/jpmckinney/validictory/CImig.yml;D:\vscode\3\CItranslation\cimig\Transaction and Translation Component\data_pairs\py\jpmckinney\validictory\actions.yml,D:\vscode\3\CItranslation\cimig\Transaction and Translation Component\data_pairs\py\jpmckinney\validictory\travis.yml,
D:/vscode/3/CItranslation/cimig/Transaction and Translation Component/genrules/rules_h2/py/juliema/label_reconciliations/CImig.yml;D:\vscode\3\CItranslation\cimig\Transaction and Translation Component\data_pairs\py\juliema\label_reconciliations\actions.yml,D:\vscode\3\CItranslation\cimig\Transaction and Translation Component\data_pairs\py\juliema\label_reconciliations\travis.yml,
D:/vscode/3/CItranslation/cimig/Transaction and Translation Component/genrules/rules_h2/py/jungtaekkim/bayeso-benchmarks/CImig.yml;D:\vscode\3\CItranslation\cimig\Transaction and Translation Component\data_pairs\py\jungtaekkim\bayeso-benchmarks\actions.yml,D:\vscode\3\CItranslation\cimig\Transaction and Translation Component\data_pairs\py\jungtaekkim\bayeso-benchmarks\travis.yml,
D:/vscode/3/CItranslation/cimig/Transaction and Translation Component/genrules/rules_h2/py/kamilkijak/django-smoke-tests/CImig.yml;D:\vscode\3\CItranslation\cimig\Transaction and Translation Component\data_pairs\py\kamilkijak\django-smoke-tests\actions.yml,D:\vscode\3\CItranslation\cimig\Transaction and Translation Component\data_pairs\py\kamilkijak\django-smoke-tests\travis.yml,
D:/vscode/3/CItranslation/cimig/Transaction and Translation Component/genrules/rules_h2/py/klieret/randomfiletree/CImig.yml;D:\vscode\3\CItranslation\cimig\Transaction and Translation Component\data_pairs\py\klieret\randomfiletree\actions.yml,D:\vscode\3\CItranslation\cimig\Transaction and Translation Component\data_pairs\py\klieret\randomfiletree\travis.yml,
D:/vscode/3/CItranslation/cimig/Transaction and Translation Component/genrules/rules_h2/py/koiuo/randrctl/CImig.yml;D:\vscode\3\CItranslation\cimig\Transaction and Translation Component\data_pairs\py\koiuo\randrctl\actions.yml,D:\vscode\3\CItranslation\cimig\Transaction and Translation Component\data_pairs\py\koiuo\randrctl\travis.yml,
D:/vscode/3/CItranslation/cimig/Transaction and Translation Component/genrules/rules_h2/py/kolotaev/vakt/CImig.yml;D:\vscode\3\CItranslation\cimig\Transaction and Translation Component\data_pairs\py\kolotaev\vakt\actions.yml,D:\vscode\3\CItranslation\cimig\Transaction and Translation Component\data_pairs\py\kolotaev\vakt\travis.yml,
D:/vscode/3/CItranslation/cimig/Transaction and Translation Component/genrules/rules_h2/py/kpetremann/mqtt-exporter/CImig.yml;D:\vscode\3\CItranslation\cimig\Transaction and Translation Component\data_pairs\py\kpetremann\mqtt-exporter\actions.yml,D:\vscode\3\CItranslation\cimig\Transaction and Translation Component\data_pairs\py\kpetremann\mqtt-exporter\travis.yml,
D:/vscode/3/CItranslation/cimig/Transaction and Translation Component/genrules/rules_h2/py/laowantong/paroxython/CImig.yml;D:\vscode\3\CItranslation\cimig\Transaction and Translation Component\data_pairs\py\laowantong\paroxython\actions.yml,D:\vscode\3\CItranslation\cimig\Transaction and Translation Component\data_pairs\py\laowantong\paroxython\travis.yml,
D:/vscode/3/CItranslation/cimig/Transaction and Translation Component/genrules/rules_h2/py/lgoodridge/django-uniauth/CImig.yml;D:\vscode\3\CItranslation\cimig\Transaction and Translation Component\data_pairs\py\lgoodridge\django-uniauth\actions.yml,D:\vscode\3\CItranslation\cimig\Transaction and Translation Component\data_pairs\py\lgoodridge\django-uniauth\travis.yml,
D:/vscode/3/CItranslation/cimig/Transaction and Translation Component/genrules/rules_h2/py/maxcountryman/flask-seasurf/CImig.yml;D:\vscode\3\CItranslation\cimig\Transaction and Translation Component\data_pairs\py\maxcountryman\flask-seasurf\actions.yml,D:\vscode\3\CItranslation\cimig\Transaction and Translation Component\data_pairs\py\maxcountryman\flask-seasurf\travis.yml,
D:/vscode/3/CItranslation/cimig/Transaction and Translation Component/genrules/rules_h2/py/melizalab/quickspikes/CImig.yml;D:\vscode\3\CItranslation\cimig\Transaction and Translation Component\data_pairs\py\melizalab\quickspikes\actions.yml,D:\vscode\3\CItranslation\cimig\Transaction and Translation Component\data_pairs\py\melizalab\quickspikes\travis.yml,
D:/vscode/3/CItranslation/cimig/Transaction and Translation Component/genrules/rules_h2/py/mgaitan/sphinxcontrib-mermaid/CImig.yml;D:\vscode\3\CItranslation\cimig\Transaction and Translation Component\data_pairs\py\mgaitan\sphinxcontrib-mermaid\actions.yml,D:\vscode\3\CItranslation\cimig\Transaction and Translation Component\data_pairs\py\mgaitan\sphinxcontrib-mermaid\travis.yml,
D:/vscode/3/CItranslation/cimig/Transaction and Translation Component/genrules/rules_h2/py/mitya57/python-markdown-math/CImig.yml;D:\vscode\3\CItranslation\cimig\Transaction and Translation Component\data_pairs\py\mitya57\python-markdown-math\actions.yml,D:\vscode\3\CItranslation\cimig\Transaction and Translation Component\data_pairs\py\mitya57\python-markdown-math\travis.yml,
D:/vscode/3/CItranslation/cimig/Transaction and Translation Component/genrules/rules_h2/py/m-lundberg/simple-pid/CImig.yml;D:\vscode\3\CItranslation\cimig\Transaction and Translation Component\data_pairs\py\m-lundberg\simple-pid\actions.yml,D:\vscode\3\CItranslation\cimig\Transaction and Translation Component\data_pairs\py\m-lundberg\simple-pid\travis.yml,
D:/vscode/3/CItranslation/cimig/Transaction and Translation Component/genrules/rules_h2/py/mozilla/guardduty-multi-account-manager/CImig.yml;D:\vscode\3\CItranslation\cimig\Transaction and Translation Component\data_pairs\py\mozilla\guardduty-multi-account-manager\actions.yml,D:\vscode\3\CItranslation\cimig\Transaction and Translation Component\data_pairs\py\mozilla\guardduty-multi-account-manager\travis.yml,
D:/vscode/3/CItranslation/cimig/Transaction and Translation Component/genrules/rules_h2/py/msaltnet/smtm/CImig.yml;D:\vscode\3\CItranslation\cimig\Transaction and Translation Component\data_pairs\py\msaltnet\smtm\actions.yml,D:\vscode\3\CItranslation\cimig\Transaction and Translation Component\data_pairs\py\msaltnet\smtm\travis.yml,
D:/vscode/3/CItranslation/cimig/Transaction and Translation Component/genrules/rules_h2/py/networktocode/ntc-templates/CImig.yml;D:\vscode\3\CItranslation\cimig\Transaction and Translation Component\data_pairs\py\networktocode\ntc-templates\actions.yml,D:\vscode\3\CItranslation\cimig\Transaction and Translation Component\data_pairs\py\networktocode\ntc-templates\travis.yml,
D:/vscode/3/CItranslation/cimig/Transaction and Translation Component/genrules/rules_h2/py/nginxinc/crossplane/CImig.yml;D:\vscode\3\CItranslation\cimig\Transaction and Translation Component\data_pairs\py\nginxinc\crossplane\actions.yml,D:\vscode\3\CItranslation\cimig\Transaction and Translation Component\data_pairs\py\nginxinc\crossplane\travis.yml,
D:/vscode/3/CItranslation/cimig/Transaction and Translation Component/genrules/rules_h2/py/nolze/msoffcrypto-tool/CImig.yml;D:\vscode\3\CItranslation\cimig\Transaction and Translation Component\data_pairs\py\nolze\msoffcrypto-tool\actions.yml,D:\vscode\3\CItranslation\cimig\Transaction and Translation Component\data_pairs\py\nolze\msoffcrypto-tool\travis.yml,
D:/vscode/3/CItranslation/cimig/Transaction and Translation Component/genrules/rules_h2/py/nycdb/nycdb/CImig.yml;D:\vscode\3\CItranslation\cimig\Transaction and Translation Component\data_pairs\py\nycdb\nycdb\actions.yml,D:\vscode\3\CItranslation\cimig\Transaction and Translation Component\data_pairs\py\nycdb\nycdb\travis.yml,
D:/vscode/3/CItranslation/cimig/Transaction and Translation Component/genrules/rules_h2/py/OpenCageData/python-opencage-geocoder/CImig.yml;D:\vscode\3\CItranslation\cimig\Transaction and Translation Component\data_pairs\py\OpenCageData\python-opencage-geocoder\actions.yml,D:\vscode\3\CItranslation\cimig\Transaction and Translation Component\data_pairs\py\OpenCageData\python-opencage-geocoder\travis.yml,
D:/vscode/3/CItranslation/cimig/Transaction and Translation Component/genrules/rules_h2/py/petergardfjall/garminexport/CImig.yml;D:\vscode\3\CItranslation\cimig\Transaction and Translation Component\data_pairs\py\petergardfjall\garminexport\actions.yml,D:\vscode\3\CItranslation\cimig\Transaction and Translation Component\data_pairs\py\petergardfjall\garminexport\travis.yml,
D:/vscode/3/CItranslation/cimig/Transaction and Translation Component/genrules/rules_h2/py/polymonster/jsn/CImig.yml;D:\vscode\3\CItranslation\cimig\Transaction and Translation Component\data_pairs\py\polymonster\jsn\actions.yml,D:\vscode\3\CItranslation\cimig\Transaction and Translation Component\data_pairs\py\polymonster\jsn\travis.yml,
D:/vscode/3/CItranslation/cimig/Transaction and Translation Component/genrules/rules_h2/py/porridge/bambam/CImig.yml;D:\vscode\3\CItranslation\cimig\Transaction and Translation Component\data_pairs\py\porridge\bambam\actions.yml,D:\vscode\3\CItranslation\cimig\Transaction and Translation Component\data_pairs\py\porridge\bambam\travis.yml,
D:/vscode/3/CItranslation/cimig/Transaction and Translation Component/genrules/rules_h2/py/pucrs-automated-planning/pddl-parser/CImig.yml;D:\vscode\3\CItranslation\cimig\Transaction and Translation Component\data_pairs\py\pucrs-automated-planning\pddl-parser\actions.yml,D:\vscode\3\CItranslation\cimig\Transaction and Translation Component\data_pairs\py\pucrs-automated-planning\pddl-parser\travis.yml,
D:/vscode/3/CItranslation/cimig/Transaction and Translation Component/genrules/rules_h2/py/pypi/conveyor/CImig.yml;D:\vscode\3\CItranslation\cimig\Transaction and Translation Component\data_pairs\py\pypi\conveyor\actions.yml,D:\vscode\3\CItranslation\cimig\Transaction and Translation Component\data_pairs\py\pypi\conveyor\travis.yml,
D:/vscode/3/CItranslation/cimig/Transaction and Translation Component/genrules/rules_h2/py/python/mypy_extensions/CImig.yml;D:\vscode\3\CItranslation\cimig\Transaction and Translation Component\data_pairs\py\python\mypy_extensions\actions.yml,D:\vscode\3\CItranslation\cimig\Transaction and Translation Component\data_pairs\py\python\mypy_extensions\travis.yml,
D:/vscode/3/CItranslation/cimig/Transaction and Translation Component/genrules/rules_h2/py/python/the-knights-who-say-ni/CImig.yml;D:\vscode\3\CItranslation\cimig\Transaction and Translation Component\data_pairs\py\python\the-knights-who-say-ni\actions.yml,D:\vscode\3\CItranslation\cimig\Transaction and Translation Component\data_pairs\py\python\the-knights-who-say-ni\travis.yml,
D:/vscode/3/CItranslation/cimig/Transaction and Translation Component/genrules/rules_h2/py/python-organizers/conferences/CImig.yml;D:\vscode\3\CItranslation\cimig\Transaction and Translation Component\data_pairs\py\python-organizers\conferences\actions.yml,D:\vscode\3\CItranslation\cimig\Transaction and Translation Component\data_pairs\py\python-organizers\conferences\travis.yml,
D:/vscode/3/CItranslation/cimig/Transaction and Translation Component/genrules/rules_h2/py/raphaelvallat/yasa/CImig.yml;D:\vscode\3\CItranslation\cimig\Transaction and Translation Component\data_pairs\py\raphaelvallat\yasa\actions.yml,D:\vscode\3\CItranslation\cimig\Transaction and Translation Component\data_pairs\py\raphaelvallat\yasa\travis.yml,
D:/vscode/3/CItranslation/cimig/Transaction and Translation Component/genrules/rules_h2/py/raysect/source/CImig.yml;D:\vscode\3\CItranslation\cimig\Transaction and Translation Component\data_pairs\py\raysect\source\actions.yml,D:\vscode\3\CItranslation\cimig\Transaction and Translation Component\data_pairs\py\raysect\source\travis.yml,
D:/vscode/3/CItranslation/cimig/Transaction and Translation Component/genrules/rules_h2/py/razorpay/alohomora/CImig.yml;D:\vscode\3\CItranslation\cimig\Transaction and Translation Component\data_pairs\py\razorpay\alohomora\actions.yml,D:\vscode\3\CItranslation\cimig\Transaction and Translation Component\data_pairs\py\razorpay\alohomora\travis.yml,
D:/vscode/3/CItranslation/cimig/Transaction and Translation Component/genrules/rules_h2/py/rcaloras/bashhub-client/CImig.yml;D:\vscode\3\CItranslation\cimig\Transaction and Translation Component\data_pairs\py\rcaloras\bashhub-client\actions.yml,D:\vscode\3\CItranslation\cimig\Transaction and Translation Component\data_pairs\py\rcaloras\bashhub-client\travis.yml,
D:/vscode/3/CItranslation/cimig/Transaction and Translation Component/genrules/rules_h2/py/roverdotcom/django-inlinecss/CImig.yml;D:\vscode\3\CItranslation\cimig\Transaction and Translation Component\data_pairs\py\roverdotcom\django-inlinecss\actions.yml,D:\vscode\3\CItranslation\cimig\Transaction and Translation Component\data_pairs\py\roverdotcom\django-inlinecss\travis.yml,
D:/vscode/3/CItranslation/cimig/Transaction and Translation Component/genrules/rules_h2/py/scVENUS/PeekabooAV/CImig.yml;D:\vscode\3\CItranslation\cimig\Transaction and Translation Component\data_pairs\py\scVENUS\PeekabooAV\actions.yml,D:\vscode\3\CItranslation\cimig\Transaction and Translation Component\data_pairs\py\scVENUS\PeekabooAV\travis.yml,
D:/vscode/3/CItranslation/cimig/Transaction and Translation Component/genrules/rules_h2/py/SiLab-Bonn/irrad_spectroscopy/CImig.yml;D:\vscode\3\CItranslation\cimig\Transaction and Translation Component\data_pairs\py\SiLab-Bonn\irrad_spectroscopy\actions.yml,D:\vscode\3\CItranslation\cimig\Transaction and Translation Component\data_pairs\py\SiLab-Bonn\irrad_spectroscopy\travis.yml,
D:/vscode/3/CItranslation/cimig/Transaction and Translation Component/genrules/rules_h2/py/sjvrijn/mf2/CImig.yml;D:\vscode\3\CItranslation\cimig\Transaction and Translation Component\data_pairs\py\sjvrijn\mf2\actions.yml,D:\vscode\3\CItranslation\cimig\Transaction and Translation Component\data_pairs\py\sjvrijn\mf2\travis.yml,
D:/vscode/3/CItranslation/cimig/Transaction and Translation Component/genrules/rules_h2/py/smart-on-fhir/fhir-parser/CImig.yml;D:\vscode\3\CItranslation\cimig\Transaction and Translation Component\data_pairs\py\smart-on-fhir\fhir-parser\actions.yml,D:\vscode\3\CItranslation\cimig\Transaction and Translation Component\data_pairs\py\smart-on-fhir\fhir-parser\travis.yml,
D:/vscode/3/CItranslation/cimig/Transaction and Translation Component/genrules/rules_h2/py/starou/simpleidml/CImig.yml;D:\vscode\3\CItranslation\cimig\Transaction and Translation Component\data_pairs\py\starou\simpleidml\actions.yml,D:\vscode\3\CItranslation\cimig\Transaction and Translation Component\data_pairs\py\starou\simpleidml\travis.yml,
D:/vscode/3/CItranslation/cimig/Transaction and Translation Component/genrules/rules_h2/py/stlk/django-shopify-webhook/CImig.yml;D:\vscode\3\CItranslation\cimig\Transaction and Translation Component\data_pairs\py\stlk\django-shopify-webhook\actions.yml,D:\vscode\3\CItranslation\cimig\Transaction and Translation Component\data_pairs\py\stlk\django-shopify-webhook\travis.yml,
D:/vscode/3/CItranslation/cimig/Transaction and Translation Component/genrules/rules_h2/py/testing-cabal/fixtures/CImig.yml;D:\vscode\3\CItranslation\cimig\Transaction and Translation Component\data_pairs\py\testing-cabal\fixtures\actions.yml,D:\vscode\3\CItranslation\cimig\Transaction and Translation Component\data_pairs\py\testing-cabal\fixtures\travis.yml,
D:/vscode/3/CItranslation/cimig/Transaction and Translation Component/genrules/rules_h2/py/theonlypwner/crc32/CImig.yml;D:\vscode\3\CItranslation\cimig\Transaction and Translation Component\data_pairs\py\theonlypwner\crc32\actions.yml,D:\vscode\3\CItranslation\cimig\Transaction and Translation Component\data_pairs\py\theonlypwner\crc32\travis.yml,
D:/vscode/3/CItranslation/cimig/Transaction and Translation Component/genrules/rules_h2/py/twisted/ampoule/CImig.yml;D:\vscode\3\CItranslation\cimig\Transaction and Translation Component\data_pairs\py\twisted\ampoule\actions.yml,D:\vscode\3\CItranslation\cimig\Transaction and Translation Component\data_pairs\py\twisted\ampoule\travis.yml,
D:/vscode/3/CItranslation/cimig/Transaction and Translation Component/genrules/rules_h2/py/uralbash/sqlalchemy_mptt/CImig.yml;D:\vscode\3\CItranslation\cimig\Transaction and Translation Component\data_pairs\py\uralbash\sqlalchemy_mptt\actions.yml,D:\vscode\3\CItranslation\cimig\Transaction and Translation Component\data_pairs\py\uralbash\sqlalchemy_mptt\travis.yml,
D:/vscode/3/CItranslation/cimig/Transaction and Translation Component/genrules/rules_h2/py/xyproto/setconf/CImig.yml;D:\vscode\3\CItranslation\cimig\Transaction and Translation Component\data_pairs\py\xyproto\setconf\actions.yml,D:\vscode\3\CItranslation\cimig\Transaction and Translation Component\data_pairs\py\xyproto\setconf\travis.yml,
D:/vscode/3/CItranslation/cimig/Transaction and Translation Component/genrules/rules_h2/py/zecure/shadowd_python/CImig.yml;D:\vscode\3\CItranslation\cimig\Transaction and Translation Component\data_pairs\py\zecure\shadowd_python\actions.yml,D:\vscode\3\CItranslation\cimig\Transaction and Translation Component\data_pairs\py\zecure\shadowd_python\travis.yml,
