rule@;@conf@;@lift@;@supp@;@conv
{"children":[{"children":[],"type":"pull_request"}],"type":"on","origin":"github"} -> {"children":[{"children":[],"type":"pull_request"},{"children":[],"type":"push"}],"type":"on","origin":"github"}@;@0.14957264957264957@;@55.48705379587733@;@0.0013874573852374534@;@1.1727096580734544
{"children":[{"children":[],"type":"pull_request"},{"children":[],"type":"push"}],"type":"on","origin":"github"} -> {"children":[{"children":[],"type":"pull_request"}],"type":"on","origin":"github"}@;@0.5147058823529411@;@55.48705379587733@;@0.0013874573852374534@;@2.0414915785518195
{"children":[{"children":[],"type":"push"},{"children":[],"type":"pull_request"},{"children":[],"type":"workflow_dispatch"}],"type":"on","origin":"github"} -> {"children":[{"children":[],"type":"pull_request"},{"children":[],"type":"workflow_dispatch"}],"type":"on","origin":"github"}@;@0.09375@;@262.7708333333333@;@0.0003567747562039166@;@1.103054592155301
{"children":[{"children":[],"type":"pull_request"},{"children":[],"type":"workflow_dispatch"}],"type":"on","origin":"github"} -> {"children":[{"children":[],"type":"push"},{"children":[],"type":"pull_request"},{"children":[],"type":"workflow_dispatch"}],"type":"on","origin":"github"}@;@1.0@;@262.7708333333333@;@0.0003567747562039166@;@996194402.6004914
{"children":[{"children":[],"type":"push"},{"children":[],"type":"pull_request"},{"children":[],"type":"release"}],"type":"on","origin":"github"} -> {"children":[{"children":[],"type":"pull_request"}],"type":"on","origin":"github"}@;@0.35294117647058826@;@38.048265460030166@;@0.00023784983746927773@;@1.531118684702623
{"children":[{"children":[],"type":"pull_request"}],"type":"on","origin":"github"} -> {"children":[{"children":[],"type":"push"},{"children":[],"type":"pull_request"},{"children":[],"type":"release"}],"type":"on","origin":"github"}@;@0.02564102564102564@;@38.048265460030166@;@0.00023784983746927773@;@1.0256241461305344
{"children":[{"children":[],"type":"push"},{"children":[],"type":"pull_request"}],"type":"on","origin":"github"} -> {"children":[{"children":[],"type":"pull_request"}],"type":"on","origin":"github"}@;@0.42369020501138954@;@45.675252613749194@;@0.007373344961547609@;@1.7190821034704011
{"children":[{"children":[],"type":"pull_request"}],"type":"on","origin":"github"} -> {"children":[{"children":[],"type":"push"},{"children":[],"type":"pull_request"}],"type":"on","origin":"github"}@;@0.7948717948717948@;@45.675252613749194@;@0.007373344961547609@;@4.790161912745637
{"children":[{"children":[],"type":"push"},{"children":[],"type":"pull_request"}],"type":"on","origin":"github"} -> {"children":[{"children":[],"type":"push"},{"children":[],"type":"pull_request"},{"children":[],"type":"release"}],"type":"on","origin":"github"}@;@0.025056947608200455@;@37.18156237438027@;@0.0004360580353603425@;@1.025009705593104
{"children":[{"children":[],"type":"push"},{"children":[],"type":"pull_request"},{"children":[],"type":"release"}],"type":"on","origin":"github"} -> {"children":[{"children":[],"type":"push"},{"children":[],"type":"pull_request"}],"type":"on","origin":"github"}@;@0.6470588235294118@;@37.18156237438027@;@0.0004360580353603425@;@2.7840257327498934
{"children":[{"children":[],"type":"push"},{"children":[],"type":"pull_request"}],"type":"on","origin":"github"} -> {"children":[{"children":[],"type":"push"},{"children":[],"type":"pull_request"},{"children":[],"type":"schedule"}],"type":"on","origin":"github"}@;@0.03189066059225513@;@57.4624145785877@;@0.0005549829540949814@;@1.032367910658689
{"children":[{"children":[],"type":"push"},{"children":[],"type":"pull_request"},{"children":[],"type":"schedule"}],"type":"on","origin":"github"} -> {"children":[{"children":[],"type":"push"},{"children":[],"type":"pull_request"}],"type":"on","origin":"github"}@;@1.0@;@57.4624145785877@;@0.0005549829540949814@;@982597320.2251645
{"children":[{"children":[],"type":"workflow_dispatch"}],"type":"on","origin":"github"} -> {"children":[{"children":[],"type":"push"},{"children":[],"type":"pull_request"},{"children":[],"type":"workflow_dispatch"},{"children":[],"type":"release"}],"type":"on","origin":"github"}@;@0.1375@;@315.325@;@0.0004360580353603425@;@1.1589147139776521
{"children":[{"children":[],"type":"push"},{"children":[],"type":"pull_request"},{"children":[],"type":"workflow_dispatch"},{"children":[],"type":"release"}],"type":"on","origin":"github"} -> {"children":[{"children":[],"type":"workflow_dispatch"}],"type":"on","origin":"github"}@;@1.0@;@315.325@;@0.0004360580353603425@;@996828668.833743
{"children":[{"children":[],"type":"workflow_dispatch"}],"type":"on","origin":"github"} -> {"children":[{"children":[],"type":"push"},{"children":[],"type":"pull_request"},{"children":[],"type":"workflow_dispatch"}],"type":"on","origin":"github"}@;@0.4125@;@108.39296875@;@0.0013081741060810275@;@1.6956500440933473
{"children":[{"children":[],"type":"push"},{"children":[],"type":"pull_request"},{"children":[],"type":"workflow_dispatch"}],"type":"on","origin":"github"} -> {"children":[{"children":[],"type":"workflow_dispatch"}],"type":"on","origin":"github"}@;@0.34375@;@108.39296875@;@0.0013081741060810275@;@1.5189770168605958
{"children":[{"children":[],"type":"push"}],"type":"on","origin":"github"} -> {"children":[{"children":[],"type":"push"},{"children":[],"type":"pull_request"}],"type":"on","origin":"github"}@;@0.08759124087591241@;@5.033204196664616@;@0.00047569967493855546@;@1.0769266617864688
{"children":[{"children":[],"type":"push"},{"children":[],"type":"pull_request"}],"type":"on","origin":"github"} -> {"children":[{"children":[],"type":"push"}],"type":"on","origin":"github"}@;@0.02733485193621868@;@5.033204196664616@;@0.00047569967493855546@;@1.0225195138687622
{"children":[{"children":[],"type":"workflow_dispatch"}],"type":"on","origin":"github"} -> {"children":[{"children":[],"type":"push"},{"children":[],"type":"schedule"},{"children":[],"type":"workflow_dispatch"}],"type":"on","origin":"github"}@;@0.1375@;@315.325@;@0.0004360580353603425@;@1.1589147139776521
{"children":[{"children":[],"type":"push"},{"children":[],"type":"schedule"},{"children":[],"type":"workflow_dispatch"}],"type":"on","origin":"github"} -> {"children":[{"children":[],"type":"workflow_dispatch"}],"type":"on","origin":"github"}@;@1.0@;@315.325@;@0.0004360580353603425@;@996828668.833743
{"children":[{"children":[],"type":"push"}],"type":"on","origin":"github"} -> {"children":[{"children":[],"type":"push"},{"children":[],"type":"schedule"}],"type":"on","origin":"github"}@;@0.051094890510948905@;@184.1313868613139@;@0.0002774914770474907@;@1.0535537194100588
{"children":[{"children":[],"type":"push"},{"children":[],"type":"schedule"}],"type":"on","origin":"github"} -> {"children":[{"children":[],"type":"push"}],"type":"on","origin":"github"}@;@1.0@;@184.1313868613139@;@0.0002774914770474907@;@994569095.3777847
{"children":[{"children":[],"type":"workflow_dispatch"}],"type":"on","origin":"github"} -> {"children":[{"children":[],"type":"push"},{"children":[],"type":"workflow_dispatch"}],"type":"on","origin":"github"}@;@0.125@;@242.5576923076923@;@0.00039641639578212953@;@1.1422681800493886
{"children":[{"children":[],"type":"push"},{"children":[],"type":"workflow_dispatch"}],"type":"on","origin":"github"} -> {"children":[{"children":[],"type":"workflow_dispatch"}],"type":"on","origin":"github"}@;@0.7692307692307693@;@242.5576923076923@;@0.00039641639578212953@;@4.319590879561327
{"children":[{"children":[],"type":"workflow_dispatch"},{"children":[],"type":"pull_request"}],"type":"on","origin":"github"} -> {"children":[{"children":[],"type":"workflow_dispatch"},{"children":[],"type":"pull_request"},{"children":[],"type":"push"}],"type":"on","origin":"github"}@;@1.0@;@3153.2500000000005@;@0.00031713311662570366@;@999682866.8833742
{"children":[{"children":[],"type":"workflow_dispatch"},{"children":[],"type":"pull_request"},{"children":[],"type":"push"}],"type":"on","origin":"github"} -> {"children":[{"children":[],"type":"workflow_dispatch"},{"children":[],"type":"pull_request"}],"type":"on","origin":"github"}@;@1.0@;@3153.2500000000005@;@0.00031713311662570366@;@999682866.8833742
{"children":[{"children":[],"type":"workflow_dispatch"}],"type":"on","origin":"github"} -> {"children":[{"children":[],"type":"workflow_dispatch"},{"children":[],"type":"push"},{"children":[],"type":"pull_request"}],"type":"on","origin":"github"}@;@0.025@;@45.04642857142857@;@7.928327915642591e-05@;@1.0250718113034187
{"children":[{"children":[],"type":"workflow_dispatch"},{"children":[],"type":"push"},{"children":[],"type":"pull_request"}],"type":"on","origin":"github"} -> {"children":[{"children":[],"type":"workflow_dispatch"}],"type":"on","origin":"github"}@;@0.14285714285714285@;@45.04642857142857@;@7.928327915642591e-05@;@1.1629667789492388
{"children":[{"children":[],"type":"workflow_dispatch"}],"type":"on","origin":"github"} -> {"children":[{"children":[],"type":"workflow_dispatch"},{"children":[],"type":"push"}],"type":"on","origin":"github"}@;@0.1625@;@315.325@;@0.0005153413145167684@;@1.1934145164084402
{"children":[{"children":[],"type":"workflow_dispatch"},{"children":[],"type":"push"}],"type":"on","origin":"github"} -> {"children":[{"children":[],"type":"workflow_dispatch"}],"type":"on","origin":"github"}@;@1.0@;@315.325@;@0.0005153413145167684@;@996828668.833743
